url_tail,timeFrom,timeTo
/deal/23127880,11:00,19:00
/deal/23127880,19:00,02:00
/deal/23127880,23:00,06:00
/deal/23424992,18:00,02:00
/deal/19882866,11:00,14:00
/deal/19882866,17:00,19:00
/deal/23425315,10:00,18:00
/deal/23425315,23:30,09:00
/deal/23425338,18:00,02:00
/deal/23088641,17:00,19:00
/deal/23088641,23:00,05:00
/deal/23088641,12:00,19:00
/deal/13477104,13:00,19:00
/deal/13477104,19:00,00:00
/deal/13477104,23:00,05:00
/deal/24514520,12:00,19:00
/deal/24514520,19:00,06:00
/deal/24514520,05:00,06:00
/deal/23425112,18:00,02:00
/deal/23425347,18:00,02:00
/deal/6366810,12:30,19:00
/deal/6366810,19:00,02:00
/deal/6366810,00:00,06:00
/deal/24521011,11:00,15:00
/deal/24521011,17:00,21:00
/deal/23771618,11:00,17:00
/deal/12312119,23:00,07:00
/deal/11977361,11:00,18:00
/deal/11977361,16:00,23:00
/deal/11977361,23:00,07:00
/deal/11977361,24:00,07:00
/deal/21176388,17:00,20:30
/deal/22410460,13:00,21:00
/deal/20867631,12:00,18:00
/deal/20867631,18:00,02:00
/deal/23906929,17:00,00:00
/deal/23906929,23:30,06:00
/deal/21977458,12:00,18:00
/deal/21977458,00:00,03:00
/deal/13672884,13:00,19:30
/deal/25420065,01:00,09:00
/deal/20685704,23:30,09:00
/deal/19586143,13:00,18:00
/deal/22171275,12:00,17:00
/deal/23088784,12:00,17:00
/deal/23088784,19:00,23:00
/deal/23088784,23:00,05:30
/deal/23088784,17:00,19:00
/deal/21574674,19:00,03:00
/deal/23156766,19:00,23:00
/deal/6003779,12:00,18:00
/deal/6003779,18:00,00:00
/deal/6003779,00:00,05:30
/deal/22120312,12:30,19:00
/deal/22120312,19:00,02:00
/deal/22120312,00:00,06:00
/deal/21040597,12:00,20:00
/deal/21040597,18:00,06:00
/deal/21040597,23:00,06:00
/deal/23646910,12:00,18:00
/deal/23646910,01:00,05:30
/deal/24643378,11:00,15:00
/deal/24643378,17:00,21:00
/deal/23425329,10:00,18:00
/deal/23425329,23:30,09:00
/deal/22111884,11:30,19:00
/deal/22111884,19:00,02:00
/deal/22111884,00:00,06:00
/deal/22974187,No timeFrom,No timeTo
/deal/6185721,No timeFrom,No timeTo
/deal/17584463,18:00,03:00
/deal/23123951,10:30,06:00
/deal/19912799,12:00,18:00
/deal/19912799,18:00,05:00
/deal/18314227,12:00,18:00
/deal/18314227,00:00,06:00
/deal/22323104,18:00,02:00
/deal/23425217,00:00,09:00
/deal/23425217,09:00,18:00
/deal/22171401,12:00,17:00
/deal/22171401,17:00,02:00
/deal/19334213,No timeFrom,No timeTo
/deal/24520604,11:00,13:00
/deal/24592005,11:00,18:00
/deal/24592005,18:00,02:00
/deal/19913132,12:00,18:00
/deal/19913132,18:00,05:00
/deal/21747662,12:00,18:00
/deal/21747662,18:00,05:00
/deal/22783607,12:00,18:00
/deal/22783607,18:00,00:00
/deal/22783607,00:00,05:30
/deal/20787843,23:30,06:00
/deal/23617581,14:00,18:00
/deal/23617581,18:00,03:00
/deal/25459816,11:00,17:00
/deal/25459816,17:00,23:00
/deal/25459816,23:30,06:00
/deal/23285055,17:00,19:00
/deal/23285055,12:00,19:00
/deal/23285055,12:00,13:00
/deal/15387457,14:00,02:00
/deal/23123401,10:30,06:00
/deal/18825605,13:00,19:00
/deal/18825605,19:00,00:00
/deal/8092224,No timeFrom,No timeTo
/deal/23460796,12:00,19:00
/deal/23460796,19:00,00:00
/deal/23460796,00:00,05:00
/deal/10562742,No timeFrom,No timeTo
/deal/22441403,18:00,03:00
/deal/25838908,12:00,18:00
/deal/25838908,18:00,00:00
/deal/25838908,00:00,05:30
/deal/6408947,13:00,17:00
/deal/21574838,19:00,03:00
/deal/23910799,18:00,02:00
/deal/22120374,12:30,19:00
/deal/22120374,19:00,02:00
/deal/22120374,00:00,06:00
/deal/20095201,12:00,18:00
/deal/20095201,18:00,05:00
/deal/23986541,12:00,18:00
/deal/23802178,18:00,00:00
/deal/17640087,12:00,18:00
/deal/17640087,00:00,06:00
/deal/12538358,No timeFrom,No timeTo
/deal/23646927,12:00,18:00
/deal/23646927,01:00,05:30
/deal/22802362,12:00,18:00
/deal/22802362,18:00,00:00
/deal/22802362,00:00,06:00
/deal/21747922,12:00,18:00
/deal/21747922,18:00,05:00
/deal/22922488,12:30,18:00
/deal/25448857,17:00,20:00
/deal/22802993,12:00,18:00
/deal/22802993,18:00,00:00
/deal/22802993,00:00,05:30
/deal/18752663,No timeFrom,No timeTo
/deal/22441836,18:00,03:00
/deal/23324675,13:00,18:00
/deal/23324675,18:00,05:00
/deal/12539246,No timeFrom,No timeTo
/deal/2301212,No timeFrom,No timeTo
/deal/20434317,18:00,05:00
/deal/23910897,18:00,02:00
/deal/6408958,13:00,17:00
/deal/22803724,12:00,18:00
/deal/22803724,18:00,00:00
/deal/22803724,00:00,05:30
/deal/20776035,No timeFrom,No timeTo
/deal/14343037,No timeFrom,No timeTo
/deal/20434146,18:00,05:00
/deal/22972466,12:30,18:00
/deal/21377238,No timeFrom,No timeTo
/deal/12539371,No timeFrom,No timeTo
/deal/21037911,No timeFrom,No timeTo
/deal/23802067,18:00,00:00
/deal/20434391,18:00,05:00
/deal/14343331,No timeFrom,No timeTo
/deal/18741734,No timeFrom,No timeTo
/deal/22974073,12:30,18:00
/deal/22972221,12:30,18:00
/deal/22972562,12:30,18:00
/deal/14341239,No timeFrom,No timeTo
/deal/23802140,18:00,00:00
/deal/23986868,12:00,18:00
/deal/20872750,No timeFrom,No timeTo
/deal/22974049,12:30,18:00
/deal/23802234,18:00,00:00
/deal/22973958,12:30,18:00
/deal/22972078,12:30,18:00
/deal/21122388,No timeFrom,No timeTo
/deal/23986739,12:00,18:00
/deal/22974300,12:30,18:00
/deal/23986933,18:00,02:00
/deal/22974095,12:30,18:00
/deal/22974184,12:30,18:00
/deal/22974136,12:30,18:00
/deal/26497359,18:00,01:00
/deal/27392428,12:00,19:00
/deal/27392428,19:00,02:00
/deal/27392428,23:00,06:00
/deal/27392428,12:00,13:00
/deal/27399661,11:00,16:00
/deal/27399661,17:00,22:00
/deal/27437976,12:00,17:00
/deal/27437976,17:00,23:00
/deal/27437976,23:30,06:00
/deal/27515508,18:00,03:00
/deal/26209345,23:30,11:00
/deal/27750442,09:00,18:00
/deal/26146328,11:00,16:00
/deal/26146328,22:00,05:00
/deal/26146328,20:30,22:00
/deal/26146328,04:00,05:00
/deal/27203809,No timeFrom,No timeTo
/deal/27284733,12:00,17:00
/deal/27284733,17:00,23:30
/deal/27284733,23:30,06:00
/deal/27328486,No timeFrom,No timeTo
/deal/27436339,19:00,06:00
/deal/26956809,No timeFrom,No timeTo
/deal/26693641,19:00,00:00
/deal/26693641,00:00,06:00
/deal/26694095,19:00,00:00
/deal/26694095,00:00,06:00
/deal/26693288,19:00,00:00
/deal/26693288,00:00,06:00
/deal/26695628,19:00,00:00
/deal/26695628,00:00,06:00
/deal/26601840,13:00,19:00
/deal/26601840,19:00,00:00
/deal/26601840,00:00,06:00
/deal/26189955,11:00,16:00
/deal/26189955,17:00,22:00
/deal/27284770,12:00,17:00
/deal/27284770,17:00,23:30
/deal/27284770,23:30,06:00
/deal/27399418,11:00,16:00
/deal/27399418,17:00,22:00
/deal/26613849,No timeFrom,No timeTo
/deal/27750467,23:30,09:00
/deal/26065612,13:00,18:00
/deal/26065612,17:00,18:00
/deal/27203442,No timeFrom,No timeTo
/deal/27160080,19:00,07:00
/deal/27284789,12:00,17:00
/deal/27284789,17:00,23:30
/deal/27284789,23:30,06:00
/deal/27846214,12:00,17:00
/deal/27846214,17:00,23:00
/deal/27846214,23:30,06:00
/deal/26916990,11:00,14:00
/deal/26916990,17:00,20:00
/deal/26916630,10:30,20:00
/deal/26603394,13:00,19:00
/deal/26603394,19:00,00:00
/deal/26603394,00:00,06:00
/deal/26695533,19:00,00:00
/deal/26695533,00:00,06:00
/deal/26695573,19:00,00:00
/deal/26695573,00:00,06:00
/deal/26956785,No timeFrom,No timeTo
/deal/27401147,13:00,18:00
/deal/27401147,18:00,05:00
/deal/27284596,12:00,17:00
/deal/27284596,17:00,23:30
/deal/27284596,23:30,06:00
/deal/27033702,10:00,19:00
/deal/27033702,18:00,23:00
/deal/27033702,23:00,06:00
/deal/26208697,18:00,01:00
/deal/26280334,No timeFrom,No timeTo
/deal/27160952,No timeFrom,No timeTo
/deal/26692858,19:00,00:00
/deal/26692858,00:00,06:00
/deal/26693222,19:00,00:00
/deal/26693222,00:00,06:00
/deal/26694498,19:00,00:00
/deal/26694498,00:00,06:00
/deal/26694692,19:00,00:00
/deal/26694692,00:00,06:00
/deal/26694778,19:00,00:00
/deal/26694778,00:00,06:00
/deal/26601840,13:00,19:00
/deal/26601840,19:00,00:00
/deal/26601840,00:00,06:00
/deal/26695725,19:00,00:00
/deal/26695725,00:00,06:00
/deal/26695956,19:00,00:00
/deal/26695956,00:00,06:00
/deal/26603394,13:00,19:00
/deal/26603394,19:00,00:00
/deal/26603394,00:00,06:00
/deal/26695533,19:00,00:00
/deal/26695533,00:00,06:00
/deal/26695573,19:00,00:00
/deal/26695573,00:00,06:00
/deal/26191488,11:00,16:00
/deal/26191488,17:00,22:00
/deal/26609848,19:00,06:00
/deal/26207355,09:00,18:00
/deal/27203080,No timeFrom,No timeTo
/deal/27515388,13:00,03:00
/deal/26247260,12:00,18:00
/deal/26279217,No timeFrom,No timeTo
/deal/26280141,No timeFrom,No timeTo
/deal/26353145,19:00,06:00
/deal/27515138,13:00,03:00
/deal/27291226,12:00,18:00
/deal/27291226,05:00,06:00
/deal/26956829,No timeFrom,No timeTo
/deal/27892016,10:00,18:00
/deal/27892016,23:30,07:00
/deal/27892065,10:00,18:00
/deal/27892065,23:30,07:00
/deal/27892180,10:00,18:00
/deal/27892180,18:00,02:00
/deal/27892180,22:00,07:00
/deal/27892077,18:00,02:00
/deal/27892154,10:00,18:00
/deal/27892154,18:00,02:00
/deal/27892154,22:00,07:00
/deal/27892095,10:00,18:00
/deal/27892095,15:00,21:00
/deal/27892095,23:30,07:00
/deal/26694498,19:00,00:00
/deal/26694498,00:00,06:00
/deal/26694692,19:00,00:00
/deal/26694692,00:00,06:00
/deal/26694778,19:00,00:00
/deal/26694778,00:00,06:00
/deal/26694909,19:00,00:00
/deal/26694909,00:00,06:00
/deal/26694394,19:00,00:00
/deal/26694394,00:00,06:00
/deal/26693472,19:00,00:00
/deal/26693472,00:00,06:00
/deal/26602077,13:00,19:00
/deal/26602077,19:00,00:00
/deal/26602077,00:00,06:00
/deal/26694190,19:00,00:00
/deal/26694190,00:00,06:00
/deal/26601913,13:00,19:00
/deal/26601913,19:00,00:00
/deal/26601913,00:00,06:00
/deal/26916990,11:00,14:00
/deal/26916990,17:00,20:00
/deal/26916630,10:30,20:00
/deal/23425249,23:30,09:00
/deal/23425249,09:00,18:00
/deal/24710208,11:00,19:00
/deal/24710208,19:00,00:00
/deal/24710208,23:00,07:00
/deal/24710208,00:00,07:00
/deal/24193691,18:30,02:00
/deal/22788779,11:00,19:00
/deal/22788779,19:00,23:00
/deal/22788779,23:00,06:00
/deal/12261175,11:00,17:00
/deal/12261175,17:00,23:00
/deal/12261175,23:00,06:00
/deal/23376766,13:00,19:00
/deal/23376766,19:00,00:00
/deal/23376766,00:00,06:00
/deal/24798860,11:00,19:00
/deal/24798860,19:00,00:00
/deal/24798860,23:00,07:00
/deal/24798860,00:00,07:00
/deal/14765635,13:00,19:00
/deal/14765635,17:00,23:00
/deal/14765635,23:00,05:30
/deal/21176388,17:00,20:30
/deal/14772745,12:00,20:00
/deal/14772745,20:00,02:00
/deal/25420065,01:00,09:00
/deal/20685704,23:30,09:00
/deal/22646638,12:00,19:00
/deal/22646638,23:00,06:00
/deal/22646638,00:00,06:00
/deal/22072482,10:00,18:00
/deal/22072482,17:00,24:00
/deal/22072482,23:00,06:00
/deal/12784412,14:00,20:00
/deal/12784412,20:00,06:00
/deal/21574524,11:30,16:00
/deal/21574524,17:00,21:00
/deal/9870131,12:30,17:00
/deal/22013162,13:00,02:00
/deal/14781345,18:00,06:00
/deal/14783903,19:00,05:30
/deal/2196865,No timeFrom,No timeTo
/deal/12078615,12:00,18:00
/deal/22803407,11:00,15:00
/deal/22803407,18:00,00:00
/deal/22803407,23:00,06:00
/deal/23425263,00:00,09:00
/deal/23425263,09:00,18:00
/deal/23724094,12:00,19:00
/deal/23724094,19:00,06:00
/deal/23724094,23:00,06:00
/deal/5244124,09:00,20:00
/deal/5244124,20:00,24:00
/deal/5244124,23:00,06:00
/deal/21862867,19:00,06:00
/deal/9941132,No timeFrom,No timeTo
/deal/21862790,19:00,06:00
/deal/18068810,19:00,02:00
/deal/14783123,12:00,18:00
/deal/14783123,01:00,07:00
/deal/20113200,17:00,23:00
/deal/23040585,18:00,05:00
/deal/20112879,17:00,23:00
/deal/24249368,10:00,18:00
/deal/24249368,17:00,00:00
/deal/24249368,23:00,06:00
/deal/20113037,17:00,23:00
/deal/14783665,18:00,05:30
/deal/24185093,10:00,18:00
/deal/24185093,18:00,23:00
/deal/24185093,23:00,06:00
/deal/20112433,17:00,23:00
/deal/23681363,13:00,19:00
/deal/20339613,18:00,04:00
/deal/21574668,11:30,16:00
/deal/21574668,17:00,21:00
/deal/23126436,No timeFrom,No timeTo
/deal/19754264,19:00,02:00
/deal/24187982,10:00,19:00
/deal/23179481,13:00,19:00
/deal/6073412,No timeFrom,No timeTo
/deal/22073002,10:00,18:00
/deal/22073002,17:00,00:00
/deal/22073002,23:00,06:00
/deal/20513199,13:00,18:00
/deal/21574932,11:30,16:00
/deal/21574932,17:00,21:00
/deal/25248812,10:00,19:00
/deal/25248812,17:00,00:00
/deal/25248812,23:00,06:00
/deal/6198980,13:00,18:00
/deal/21672591,18:00,06:00
/deal/22548006,18:00,00:00
/deal/21862967,19:00,06:00
/deal/12078825,12:00,18:00
/deal/20927188,19:00,05:30
/deal/20339680,18:00,04:00
/deal/23681352,13:00,19:00
/deal/13463626,13:00,18:00
/deal/8447133,23:00,06:00
/deal/20339728,18:00,04:00
/deal/23854968,12:00,06:00
/deal/23040186,13:00,18:00
/deal/8250462,No timeFrom,No timeTo
/deal/14783796,19:00,05:30
/deal/12078882,12:00,18:00
/deal/6073420,No timeFrom,No timeTo
/deal/12078937,12:00,18:00
/deal/23822169,No timeFrom,No timeTo
/deal/14671850,12:30,17:00
/deal/12078983,12:00,18:00
/deal/14670457,12:30,17:00
/deal/25248866,10:00,19:00
/deal/25248866,17:00,00:00
/deal/25248866,23:00,06:00
/deal/23455081,18:00,00:00
/deal/23455057,18:00,00:00
/deal/23454993,18:00,00:00
/deal/23455100,18:00,00:00
/deal/25755174,19:00,06:00
/deal/26330144,10:00,07:00
/deal/27181507,10:00,17:00
/deal/27181507,17:00,00:00
/deal/27181507,23:30,06:00
/deal/26692858,19:00,00:00
/deal/26692858,00:00,06:00
/deal/26693222,19:00,00:00
/deal/26693222,00:00,06:00
/deal/26694498,19:00,00:00
/deal/26694498,00:00,06:00
/deal/26694692,19:00,00:00
/deal/26694692,00:00,06:00
/deal/26694778,19:00,00:00
/deal/26694778,00:00,06:00
/deal/26694909,19:00,00:00
/deal/26694909,00:00,06:00
/deal/26694394,19:00,00:00
/deal/26694394,00:00,06:00
/deal/26693472,19:00,00:00
/deal/26693472,00:00,06:00
/deal/26602077,13:00,19:00
/deal/26602077,19:00,00:00
/deal/26602077,00:00,06:00
/deal/26694190,19:00,00:00
/deal/26694190,00:00,06:00
/deal/26601913,13:00,19:00
/deal/26601913,19:00,00:00
/deal/26601913,00:00,06:00
/deal/26690322,19:00,00:00
/deal/26690322,00:00,06:00
/deal/26691299,19:00,00:00
/deal/26691299,00:00,06:00
/deal/26692611,19:00,00:00
/deal/26692611,00:00,06:00
/deal/26690903,19:00,00:00
/deal/26690903,00:00,06:00
/deal/26692455,19:00,00:00
/deal/26692455,00:00,06:00
/deal/26591632,13:00,19:00
/deal/26591632,19:00,00:00
/deal/26591632,00:00,06:00
/deal/26691389,19:00,00:00
/deal/26691389,00:00,06:00
/deal/27287696,11:00,17:00
/deal/27287696,17:00,20:00
/deal/27287696,20:00,00:00
/deal/27287696,00:00,06:00
/deal/25966314,11:00,06:00
/deal/26869886,10:00,19:00
/deal/26869886,17:00,02:00
/deal/26869886,23:00,06:00
/deal/26330144,10:00,07:00
/deal/27284923,17:00,23:00
/deal/27181042,12:00,18:00
/deal/27182109,12:00,18:00
/deal/27284955,17:00,23:00
/deal/27061200,10:00,18:00
/deal/27061200,18:00,00:00
/deal/27061200,23:00,06:00
/deal/26693641,19:00,00:00
/deal/26693641,00:00,06:00
/deal/26694095,19:00,00:00
/deal/26694095,00:00,06:00
/deal/26693288,19:00,00:00
/deal/26693288,00:00,06:00
/deal/26950154,10:00,17:00
/deal/26950154,17:00,02:00
/deal/26950154,23:00,07:00
/deal/23127880,11:00,19:00
/deal/23127880,19:00,02:00
/deal/23127880,23:00,06:00
/deal/24521011,11:00,15:00
/deal/24521011,17:00,21:00
/deal/11407194,12:00,18:00
/deal/11407194,18:00,02:00
/deal/11407194,23:00,06:00
/deal/21613854,11:00,13:00
/deal/22779157,13:00,18:00
/deal/23350625,17:00,20:00
/deal/24643378,11:00,15:00
/deal/24643378,17:00,21:00
/deal/22974187,No timeFrom,No timeTo
/deal/22198206,10:00,19:00
/deal/23918503,11:00,18:00
/deal/23918503,18:00,00:00
/deal/22779758,13:00,18:00
/deal/20113200,17:00,23:00
/deal/20112879,17:00,23:00
/deal/20113037,17:00,23:00
/deal/19443604,10:00,19:00
/deal/20112433,17:00,23:00
/deal/20335468,12:00,18:00
/deal/20335468,18:00,03:00
/deal/24789810,18:00,02:00
/deal/25762115,13:00,18:00
/deal/22198377,10:00,19:00
/deal/23458086,13:00,18:00
/deal/23458194,13:00,18:00
/deal/25762937,13:00,18:00
/deal/20103609,19:00,00:30
/deal/23458145,13:00,18:00
/deal/20103902,19:00,00:30
/deal/22219004,10:00,19:00
/deal/22779983,13:00,18:00
/deal/24434710,13:00,17:00
/deal/20103794,19:00,00:30
/deal/24434911,19:00,02:00
/deal/19477986,10:00,19:00
/deal/20335766,12:00,18:00
/deal/20335766,18:00,03:00
/deal/20103671,19:00,00:30
/deal/19477912,10:00,19:00
/deal/25763188,13:00,18:00
/deal/25762818,13:00,18:00
/deal/20104146,19:00,00:30
/deal/25762873,13:00,18:00
/deal/19478038,10:00,19:00
/deal/25763110,13:00,18:00
/deal/27467294,19:00,00:00
/deal/27467374,19:00,00:00
/deal/27467430,19:00,00:00
/deal/27101979,11:00,18:00
/deal/27101979,18:00,00:00
/deal/27101979,00:00,06:00
/deal/27180926,11:00,19:00
/deal/27180926,18:00,00:00
/deal/27180926,00:00,06:00
/deal/27466501,19:00,00:00
/deal/27465504,13:00,19:00
/deal/27465504,19:00,00:00
/deal/27465504,00:00,06:00
/deal/26064076,10:00,18:00
/deal/26372190,10:00,17:00
/deal/26372190,17:00,02:00
/deal/26372190,23:00,06:00
/deal/27103207,11:00,18:00
/deal/27103207,18:00,00:00
/deal/27103207,00:00,06:00
/deal/27060616,11:00,18:00
/deal/27060616,18:00,00:00
/deal/27060616,23:00,06:00
/deal/26372235,17:00,02:00
/deal/26372235,23:00,06:00
/deal/26694498,19:00,00:00
/deal/26694498,00:00,06:00
/deal/26694692,19:00,00:00
/deal/26694692,00:00,06:00
/deal/26694778,19:00,00:00
/deal/26694778,00:00,06:00
/deal/26694909,19:00,00:00
/deal/26694909,00:00,06:00
/deal/26694394,19:00,00:00
/deal/26694394,00:00,06:00
/deal/26602077,13:00,19:00
/deal/26602077,19:00,00:00
/deal/26602077,00:00,06:00
/deal/26694190,19:00,00:00
/deal/26694190,00:00,06:00
/deal/23127880,11:00,19:00
/deal/23127880,19:00,02:00
/deal/23127880,23:00,06:00
/deal/24514520,12:00,19:00
/deal/24514520,19:00,06:00
/deal/24514520,05:00,06:00
/deal/21386365,13:00,06:00
/deal/24521011,11:00,15:00
/deal/24521011,17:00,21:00
/deal/18916447,12:00,18:00
/deal/18916447,18:00,00:00
/deal/18916447,00:00,06:00
/deal/21386116,13:00,17:00
/deal/21386116,17:00,06:00
/deal/19402048,12:00,20:00
/deal/19402048,17:00,06:00
/deal/14068854,00:00,17:00
/deal/14068854,17:00,02:00
/deal/14068854,23:00,06:00
/deal/24606612,10:00,06:00
/deal/18382513,13:00,19:00
/deal/18382513,19:00,00:00
/deal/18382513,00:00,06:00
/deal/6114951,12:00,19:00
/deal/6114951,19:00,00:00
/deal/6114951,00:00,06:00
/deal/24643378,11:00,15:00
/deal/24643378,17:00,21:00
/deal/22218122,13:00,18:00
/deal/22218122,18:00,00:00
/deal/22218122,23:00,04:00
/deal/19480831,17:00,06:00
/deal/22084787,13:00,18:00
/deal/22084787,18:00,04:00
/deal/24520604,11:00,13:00
/deal/18523634,13:00,19:00
/deal/18523634,19:00,00:00
/deal/18523634,00:00,06:00
/deal/18511868,12:00,06:00
/deal/18511794,12:00,06:00
/deal/24403492,No timeFrom,No timeTo
/deal/20613967,13:00,18:00
/deal/20613967,18:00,03:00
/deal/25377759,13:00,18:00
/deal/18607755,12:00,06:00
/deal/19617519,13:00,06:00
/deal/22581856,No timeFrom,No timeTo
/deal/6292604,No timeFrom,No timeTo
/deal/18520181,12:00,06:00
/deal/25377808,13:00,18:00
/deal/23683670,12:00,19:00
/deal/22873549,13:00,04:00
/deal/22456940,No timeFrom,No timeTo
/deal/20613998,13:00,03:00
/deal/22873708,13:00,04:00
/deal/22873644,13:00,04:00
/deal/22457870,No timeFrom,No timeTo
/deal/22458083,No timeFrom,No timeTo
/deal/23683021,12:00,19:00
/deal/26895547,No timeFrom,No timeTo
/deal/27467922,12:00,18:00
/deal/27467922,18:00,00:00
/deal/27467922,00:00,08:00
/deal/26895205,No timeFrom,No timeTo
/deal/26694778,19:00,00:00
/deal/26694778,00:00,06:00
/deal/26694909,19:00,00:00
/deal/26694909,00:00,06:00
/deal/26694394,19:00,00:00
/deal/26694394,00:00,06:00
/deal/26602077,13:00,19:00
/deal/26602077,19:00,00:00
/deal/26602077,00:00,06:00
/deal/26694190,19:00,00:00
/deal/26694190,00:00,06:00
/deal/27467922,12:00,18:00
/deal/27467922,18:00,00:00
/deal/27467922,00:00,08:00
/deal/26895205,No timeFrom,No timeTo
/deal/26993014,17:00,21:00
/deal/26958962,No timeFrom,No timeTo
/deal/21744341,12:00,06:00
/deal/21745443,12:00,06:00
/deal/21745125,12:00,06:00
/deal/19303760,10:00,20:00
/deal/23592777,12:00,19:00
/deal/23592777,19:00,02:00
/deal/23592777,23:00,07:00
/deal/9182215,12:00,18:00
/deal/9182215,19:00,02:00
/deal/9182215,00:00,06:00
/deal/9348179,12:00,19:00
/deal/9348179,19:00,02:00
/deal/9348179,00:00,07:00
/deal/14816465,12:30,19:00
/deal/23723502,00:00,07:00
/deal/23723502,19:00,02:00
/deal/23723502,12:00,19:00
/deal/24322685,10:00,18:00
/deal/24322685,18:00,00:00
/deal/24322685,00:00,06:00
/deal/24322685,05:00,06:00
/deal/22637061,19:00,02:00
/deal/13707103,12:00,19:00
/deal/13707103,19:00,00:00
/deal/13707103,00:00,06:00
/deal/23407190,12:00,19:00
/deal/23407190,19:00,02:00
/deal/23407190,00:00,07:00
/deal/23407190,12:00,13:00
/deal/23890670,12:00,19:00
/deal/23890670,19:00,02:00
/deal/23890670,12:00,13:00
/deal/21562206,23:00,07:00
/deal/23851111,12:00,19:00
/deal/23851111,00:00,07:00
/deal/19578988,12:00,18:00
/deal/19578988,18:00,03:00
/deal/19578988,00:00,06:00
/deal/14716628,12:00,08:00
/deal/23522439,12:00,19:00
/deal/23522439,19:00,02:00
/deal/23522439,00:00,07:00
/deal/14579158,19:00,00:00
/deal/22218122,13:00,18:00
/deal/22218122,18:00,00:00
/deal/22218122,23:00,04:00
/deal/25220198,19:00,00:00
/deal/21194709,12:00,18:00
/deal/21194709,18:00,03:00
/deal/21194709,22:00,03:00
/deal/22068445,13:00,18:00
/deal/22068445,18:00,03:00
/deal/22068445,02:00,03:00
/deal/14835677,19:00,00:00
/deal/23460865,12:00,18:00
/deal/23460865,18:00,03:00
/deal/23409028,23:00,07:00
/deal/22084787,13:00,18:00
/deal/22084787,18:00,04:00
/deal/23851136,19:00,00:00
/deal/19577888,12:00,18:00
/deal/19577888,18:00,03:00
/deal/25112784,13:00,18:00
/deal/25112784,18:00,21:00
/deal/14596147,12:30,19:00
/deal/14713712,12:00,18:00
/deal/14713712,18:00,02:00
/deal/14713712,02:00,07:00
/deal/22942533,13:00,18:00
/deal/22942533,18:00,21:00
/deal/21285871,13:00,18:00
/deal/21763049,12:00,19:00
/deal/24709022,17:00,20:00
/deal/22069401,13:00,18:00
/deal/22069401,18:00,03:00
/deal/24365474,12:00,18:00
/deal/24365474,18:00,03:00
/deal/24365474,02:00,03:00
/deal/24365358,12:00,18:00
/deal/24365358,18:00,03:00
/deal/24365358,02:00,03:00
/deal/24461973,17:00,02:00
/deal/14421113,12:00,18:00
/deal/14421113,18:00,02:00
/deal/19579754,12:00,18:00
/deal/19579754,18:00,06:00
/deal/19579754,00:00,06:00
/deal/21196590,12:00,18:00
/deal/21196590,18:00,03:00
/deal/24403492,No timeFrom,No timeTo
/deal/12210212,12:00,18:00
/deal/20613967,13:00,18:00
/deal/20613967,18:00,03:00
/deal/25377759,13:00,18:00
/deal/22942741,13:00,18:00
/deal/22942741,18:00,03:00
/deal/25186497,13:00,17:00
/deal/22068984,13:00,18:00
/deal/22068984,18:00,03:00
/deal/19580342,12:00,18:00
/deal/19580342,18:00,03:00
/deal/18977887,14:00,18:00
/deal/18977887,18:00,00:00
/deal/18977887,00:00,03:00
/deal/24640120,13:00,18:00
/deal/21196994,12:00,18:00
/deal/21196994,18:00,03:00
/deal/24434710,13:00,17:00
/deal/22069778,12:00,18:00
/deal/22069778,18:00,03:00
/deal/22943527,13:00,18:00
/deal/22943527,18:00,03:00
/deal/25377808,13:00,18:00
/deal/12346790,12:00,02:00
/deal/14186109,13:00,19:00
/deal/24434911,19:00,02:00
/deal/22042651,14:00,18:00
/deal/22042651,18:00,03:00
/deal/21053610,12:00,06:00
/deal/24680238,00:00,03:00
/deal/22873549,13:00,04:00
/deal/24680081,00:00,03:00
/deal/24661338,13:00,18:00
/deal/24661413,13:00,18:00
/deal/20613998,13:00,03:00
/deal/22873708,13:00,04:00
/deal/22873644,13:00,04:00
/deal/19544272,10:00,00:00
/deal/19544272,12:00,06:00
/deal/19544637,14:00,18:00
/deal/19544637,18:00,00:00
/deal/19544637,00:00,03:00
/deal/22943558,13:00,18:00
/deal/22943558,18:00,03:00
/deal/12347127,12:00,02:00
/deal/12347144,12:00,02:00
/deal/12347099,12:00,02:00
/deal/12347191,12:00,02:00
/deal/12346916,12:00,02:00
/deal/12346940,12:00,18:00
/deal/26268814,18:00,02:00
/deal/26268814,12:00,18:00
/deal/26268814,23:00,06:00
/deal/26268976,18:00,02:00
/deal/26268976,12:00,18:00
/deal/26268976,23:00,06:00
/deal/26007786,12:00,18:00
/deal/26007786,18:00,03:00
/deal/26052519,12:00,18:00
/deal/26052519,18:00,03:00
/deal/26693641,19:00,00:00
/deal/26693641,00:00,06:00
/deal/26694095,19:00,00:00
/deal/26694095,00:00,06:00
/deal/26693288,19:00,00:00
/deal/26693288,00:00,06:00
/deal/26514877,13:00,18:00
/deal/26514877,18:00,03:00
/deal/26268814,18:00,02:00
/deal/26268814,12:00,18:00
/deal/26268814,23:00,06:00
/deal/26268976,18:00,02:00
/deal/26268976,12:00,18:00
/deal/26268976,23:00,06:00
/deal/26268688,18:00,02:00
/deal/26268688,12:00,18:00
/deal/26268688,23:00,06:00
/deal/26398634,13:00,18:00
/deal/26398634,18:00,03:00
/deal/25997997,13:00,18:00
/deal/25997997,18:00,03:00
/deal/26690322,19:00,00:00
/deal/26690322,00:00,06:00
/deal/26691299,19:00,00:00
/deal/26691299,00:00,06:00
/deal/26692611,19:00,00:00
/deal/26692611,00:00,06:00
/deal/26690903,19:00,00:00
/deal/26690903,00:00,06:00
/deal/26692455,19:00,00:00
/deal/26692455,00:00,06:00
/deal/26591632,13:00,19:00
/deal/26591632,19:00,00:00
/deal/26591632,00:00,06:00
/deal/26691389,19:00,00:00
/deal/26691389,00:00,06:00
/deal/27235532,10:00,02:00
/deal/26231023,12:00,18:00
/deal/26231023,18:00,03:00
/deal/25999815,12:00,18:00
/deal/25999815,18:00,03:00
/deal/26007453,12:00,18:00
/deal/26007453,18:00,03:00
/deal/26692858,19:00,00:00
/deal/26692858,00:00,06:00
/deal/26693222,19:00,00:00
/deal/26693222,00:00,06:00
/deal/26694498,19:00,00:00
/deal/26694498,00:00,06:00
/deal/26694692,19:00,00:00
/deal/26694692,00:00,06:00
/deal/26694778,19:00,00:00
/deal/26694778,00:00,06:00
/deal/26694909,19:00,00:00
/deal/26694909,00:00,06:00
/deal/26694394,19:00,00:00
/deal/26694394,00:00,06:00
/deal/26693472,19:00,00:00
/deal/26693472,00:00,06:00
/deal/26602077,13:00,19:00
/deal/26602077,19:00,00:00
/deal/26602077,00:00,06:00
/deal/26694190,19:00,00:00
/deal/26694190,00:00,06:00
/deal/26601913,13:00,19:00
/deal/26601913,19:00,00:00
/deal/26601913,00:00,06:00
/deal/27983793,19:00,00:00
/deal/27983793,00:00,06:00
/deal/26231113,12:00,18:00
/deal/26231113,18:00,03:00
/deal/26231216,12:00,18:00
/deal/26231216,18:00,03:00
/deal/26662509,10:00,18:00
/deal/26662509,18:00,02:00
/deal/26662509,23:00,06:00
/deal/26662509,05:00,06:00
/deal/26864017,12:00,18:00
/deal/26864017,18:00,03:00
/deal/23923372,10:00,18:00
/deal/23923372,18:00,02:00
/deal/23923372,00:00,06:00
/deal/24349059,12:00,18:00
/deal/21765000,12:00,17:00
/deal/21765633,No timeFrom,No timeTo
/deal/19641305,18:00,02:00
/deal/8712090,13:00,17:00
/deal/21566592,18:00,00:00
/deal/24349115,12:00,18:00
/deal/24598350,10:00,18:00
/deal/24598350,18:00,00:00
/deal/24598350,00:00,05:00
/deal/21709539,No timeFrom,No timeTo
/deal/24348853,00:00,05:00
/deal/23204228,13:00,18:00
/deal/23204228,18:00,03:00
/deal/20155963,12:00,18:00
/deal/23204842,13:00,18:00
/deal/23204842,18:00,03:00
/deal/23100141,13:00,18:00
/deal/23620980,12:00,18:00
/deal/23204656,13:00,18:00
/deal/23204656,18:00,03:00
/deal/19641428,18:00,02:00
/deal/9248661,13:00,17:00
/deal/21765582,No timeFrom,No timeTo
/deal/19641404,18:00,02:00
/deal/21566270,18:00,00:00
/deal/24349184,12:00,18:00
/deal/24599223,10:00,18:00
/deal/24599223,18:00,00:00
/deal/24599223,00:00,05:00
/deal/21765709,No timeFrom,No timeTo
/deal/21765009,12:00,17:00
/deal/21765009,00:00,06:00
/deal/25745914,13:00,18:00
/deal/21566675,18:00,00:00
/deal/24348988,00:00,05:00
/deal/20156528,12:00,18:00
/deal/23104355,13:00,18:00
/deal/21571431,00:00,06:00
/deal/20156637,12:00,18:00
/deal/21567485,00:00,06:00
/deal/9248703,13:00,17:00
/deal/19641465,18:00,02:00
/deal/21566871,18:00,00:00
/deal/21567235,00:00,06:00
/deal/9248765,13:00,17:00
/deal/19641648,18:00,02:00
/deal/14786433,12:00,06:00
/deal/19641588,18:00,02:00
/deal/23204955,13:00,18:00
/deal/23204955,18:00,03:00
/deal/25380840,13:00,18:00
/deal/23223279,13:00,18:00
/deal/23223279,18:00,03:00
/deal/21567095,00:00,06:00
/deal/20156720,12:00,18:00
/deal/19545236,12:00,05:00
/deal/26725859,12:00,03:00
/deal/26725818,12:00,03:00
/deal/26692858,19:00,00:00
/deal/26692858,00:00,06:00
/deal/26693222,19:00,00:00
/deal/26693222,00:00,06:00
/deal/26693472,19:00,00:00
/deal/26693472,00:00,06:00
/deal/26601913,13:00,19:00
/deal/26601913,19:00,00:00
/deal/26601913,00:00,06:00
/deal/26725733,12:00,03:00
/deal/26725458,12:00,03:00
/deal/27020221,10:00,18:00
/deal/27020221,18:00,00:00
/deal/27020221,00:00,06:00
/deal/26693641,19:00,00:00
/deal/26693641,00:00,06:00
/deal/26694095,19:00,00:00
/deal/26694095,00:00,06:00
/deal/26693288,19:00,00:00
/deal/26693288,00:00,06:00
/deal/22788779,11:00,19:00
/deal/22788779,19:00,23:00
/deal/22788779,23:00,06:00
/deal/23754910,11:00,19:00
/deal/23754910,18:00,23:00
/deal/24724918,10:30,17:00
/deal/24724918,17:00,00:00
/deal/24724918,00:00,06:00
/deal/14624029,12:00,18:00
/deal/14624029,00:00,05:30
/deal/14624029,18:00,00:00
/deal/8568526,11:00,18:00
/deal/8568526,18:00,23:00
/deal/8568526,23:00,05:30
/deal/17639490,11:00,18:00
/deal/17639490,18:00,00:00
/deal/17639490,23:00,05:00
/deal/22810851,12:00,19:00
/deal/22810851,19:00,00:00
/deal/22810851,00:00,05:00
/deal/22810851,12:00,18:00
/deal/13929089,12:00,19:00
/deal/13929089,19:00,23:00
/deal/13929089,23:00,06:00
/deal/20539719,13:00,17:30
/deal/20539719,18:30,00:00
/deal/22803407,11:00,15:00
/deal/22803407,18:00,00:00
/deal/22803407,23:00,06:00
/deal/21444545,11:00,18:00
/deal/21444545,18:00,23:00
/deal/20538842,13:00,18:00
/deal/14361271,12:00,18:00
/deal/22475185,12:00,19:00
/deal/23718199,13:00,19:00
/deal/25481086,12:00,18:00
/deal/25481086,18:00,23:00
/deal/25481086,23:00,06:00
/deal/24078448,13:00,17:00
/deal/21444233,18:00,02:00
/deal/23718289,13:00,06:00
/deal/23948721,12:00,19:00
/deal/23948721,18:00,00:00
/deal/23948721,00:00,06:00
/deal/23948721,05:00,06:00
/deal/23718481,23:00,06:00
/deal/23718102,13:00,18:00
/deal/17295553,12:00,18:00
/deal/17295553,18:00,00:00
/deal/17295553,00:00,06:00
/deal/22420469,13:00,18:00
/deal/22420469,18:00,05:00
/deal/22420469,00:00,06:00
/deal/20594908,12:30,05:00
/deal/23718432,13:00,06:00
/deal/17639477,12:00,19:00
/deal/17639477,19:00,23:00
/deal/17639477,23:00,06:00
/deal/24636555,12:00,02:00
/deal/22218897,16:00,02:00
/deal/24706001,16:00,19:00
/deal/24706001,19:00,22:00
/deal/24706001,22:00,05:00
/deal/23718758,00:00,06:00
/deal/22475378,12:00,19:00
/deal/23718563,23:00,06:00
/deal/22440892,13:00,18:00
/deal/22440892,18:00,05:00
/deal/22440892,00:00,05:00
/deal/21444446,18:00,02:00
/deal/23718228,13:00,19:00
/deal/23718127,13:00,18:00
/deal/24636589,12:00,02:00
/deal/23718854,00:00,06:00
/deal/24636588,12:00,02:00
/deal/23647696,12:30,18:00
/deal/23647696,00:00,05:00
/deal/21444887,11:00,18:00
/deal/23647864,12:30,18:00
/deal/23647864,00:00,05:00
/deal/20113145,12:00,18:00
/deal/20113145,18:00,00:00
/deal/20113145,00:00,06:00
/deal/22379639,13:00,18:00
/deal/22379639,17:00,18:00
/deal/23718454,13:00,06:00
/deal/23718331,13:00,06:00
/deal/22218947,16:00,02:00
/deal/24636590,12:00,02:00
/deal/24636535,12:00,17:00
/deal/25573281,12:00,19:00
/deal/25573281,18:00,00:00
/deal/25573281,00:00,06:00
/deal/25573281,05:00,06:00
/deal/20604883,12:30,05:00
/deal/22218982,16:00,02:00
/deal/20594851,12:30,05:00
/deal/14842577,12:00,18:00
/deal/14842577,18:00,23:00
/deal/14842577,12:00,23:00
/deal/26434551,12:00,18:00
/deal/26434410,12:00,18:00
/deal/26434196,12:00,18:00
/deal/26187386,08:00,18:00
/deal/26187386,00:00,06:00
/deal/26690322,19:00,00:00
/deal/26690322,00:00,06:00
/deal/26691299,19:00,00:00
/deal/26691299,00:00,06:00
/deal/26692611,19:00,00:00
/deal/26692611,00:00,06:00
/deal/26690903,19:00,00:00
/deal/26690903,00:00,06:00
/deal/26692455,19:00,00:00
/deal/26692455,00:00,06:00
/deal/26591632,13:00,19:00
/deal/26591632,19:00,00:00
/deal/26591632,00:00,06:00
/deal/26691389,19:00,00:00
/deal/26691389,00:00,06:00
/deal/26436253,12:00,18:00
/deal/26187707,18:00,00:00
/deal/26188302,18:00,00:00
/deal/27893686,13:00,06:00
/deal/27893786,13:00,06:00
/deal/27893600,00:00,06:00
/deal/27893503,23:00,06:00
/deal/27893056,13:00,18:00
/deal/27893439,13:00,18:00
/deal/25651217,10:00,19:00
/deal/25651217,23:00,02:00
/deal/14730027,13:00,18:00
/deal/14730027,18:00,02:00
/deal/20575147,12:00,00:00
/deal/23724150,11:00,18:00
/deal/19259186,09:00,19:00
/deal/19259186,00:00,07:00
/deal/19259186,19:00,00:00
/deal/22625808,10:00,19:00
/deal/22625808,19:00,06:00
/deal/22625808,05:00,06:00
/deal/20551820,12:00,18:00
/deal/20551820,18:00,00:00
/deal/20551820,00:00,06:00
/deal/24228064,10:00,19:00
/deal/24228064,19:00,02:00
/deal/24228064,00:00,06:00
/deal/13015242,11:00,18:00
/deal/13015242,18:00,00:00
/deal/13015242,00:00,06:00
/deal/21424361,12:00,17:00
/deal/20575258,12:00,00:00
/deal/11774394,09:00,09:00
/deal/24519663,00:00,06:00
/deal/24519663,12:00,18:00
/deal/25336282,13:00,20:00
/deal/25336282,00:00,06:00
/deal/20552001,12:00,00:00
/deal/24519538,00:00,06:00
/deal/24519538,12:00,18:00
/deal/25342471,19:00,01:00
/deal/21424679,12:00,17:00
/deal/23855459,12:00,18:00
/deal/13236909,09:00,09:00
/deal/25342409,19:00,01:00
/deal/21424771,12:00,17:00
/deal/23119380,12:00,18:00
/deal/24519897,00:00,06:00
/deal/24519897,12:00,18:00
/deal/24831634,00:00,23:45
/deal/23864990,12:00,18:00
/deal/23864990,05:00,06:00
/deal/23855363,12:00,18:00
/deal/25342255,13:00,20:00
/deal/25342255,00:00,06:00
/deal/20534657,13:00,02:00
/deal/23119413,12:00,18:00
/deal/19881361,17:00,02:00
/deal/24839599,00:00,23:45
/deal/24839788,00:00,23:45
/deal/25913127,12:00,18:00
/deal/25913127,18:00,23:00
/deal/25913127,23:00,02:00
/deal/24727338,13:00,02:00
/deal/24726268,13:00,02:00
/deal/14770795,13:00,02:00
/deal/14673618,13:00,02:00
/deal/24726675,13:00,02:00
/deal/24720530,13:00,02:00
/deal/24726928,13:00,02:00
/deal/14674639,13:00,02:00
/deal/26687218,11:00,18:00
/deal/26308797,12:30,02:00
/deal/26702340,00:00,06:00
/deal/26308738,12:30,02:00
/deal/26308883,12:30,02:00
/deal/26513983,13:00,18:00
/deal/26608318,No timeFrom,No timeTo
/deal/26687395,00:00,06:00
/deal/26607878,No timeFrom,No timeTo
/deal/27893639,10:00,19:00
/deal/26608147,No timeFrom,No timeTo
/deal/26308610,12:30,02:00
/deal/26514017,13:00,18:00
/deal/26692858,19:00,00:00
/deal/26692858,00:00,06:00
/deal/26693222,19:00,00:00
/deal/26693222,00:00,06:00
/deal/26694498,19:00,00:00
/deal/26694498,00:00,06:00
/deal/26694692,19:00,00:00
/deal/26694692,00:00,06:00
/deal/26694778,19:00,00:00
/deal/26694778,00:00,06:00
/deal/26694909,19:00,00:00
/deal/26694909,00:00,06:00
/deal/26694394,19:00,00:00
/deal/26694394,00:00,06:00
/deal/26602077,13:00,19:00
/deal/26602077,19:00,00:00
/deal/26602077,00:00,06:00
/deal/26694190,19:00,00:00
/deal/26694190,00:00,06:00
/deal/26601913,13:00,19:00
/deal/26601913,19:00,00:00
/deal/26601913,00:00,06:00
/deal/26702309,11:00,18:00
/deal/25969125,13:00,18:00
/deal/25946250,18:00,02:00
/deal/25946250,12:00,19:00
/deal/24801510,10:00,18:00
/deal/24801510,18:00,23:00
/deal/24801510,23:00,05:30
/deal/24072693,19:00,00:00
/deal/24072693,00:00,06:00
/deal/22798822,12:00,17:00
/deal/22798822,16:00,17:00
/deal/20401712,17:00,23:00
/deal/20401712,23:00,06:00
/deal/15127108,12:00,18:00
/deal/17617262,17:00,00:00
/deal/20402071,17:00,23:00
/deal/20402071,23:00,06:00
/deal/17617165,17:00,00:00
/deal/20401997,17:00,23:00
/deal/20401997,23:00,06:00
/deal/20973552,11:00,17:00
/deal/20973552,17:00,00:00
/deal/20973552,23:00,06:00
/deal/22580482,13:00,18:00
/deal/20554995,18:00,06:00
/deal/23770850,10:00,02:00
/deal/23770639,10:00,02:00
/deal/23770348,10:00,02:00
/deal/22301836,12:00,17:00
/deal/22580789,13:00,18:00
/deal/23458195,17:00,23:00
/deal/23458195,23:00,06:00
/deal/22319438,12:00,17:00
/deal/22305907,12:00,17:00
/deal/23458176,17:00,23:00
/deal/23458176,23:00,06:00
/deal/22305641,12:00,17:00
/deal/22581029,13:00,18:00
/deal/22580936,13:00,18:00
/deal/26553677,12:00,18:00
/deal/26553677,18:00,00:00
/deal/26553677,00:00,06:00
/deal/26692858,19:00,00:00
/deal/26692858,00:00,06:00
/deal/26693222,19:00,00:00
/deal/26693222,00:00,06:00
/deal/26693472,19:00,00:00
/deal/26693472,00:00,06:00
/deal/26601913,13:00,19:00
/deal/26601913,19:00,00:00
/deal/26601913,00:00,06:00
/deal/26693641,19:00,00:00
/deal/26693641,00:00,06:00
/deal/26694095,19:00,00:00
/deal/26694095,00:00,06:00
/deal/26693288,19:00,00:00
/deal/26693288,00:00,06:00
/deal/23341290,12:00,19:00
/deal/23341290,23:00,06:00
/deal/14754458,19:00,02:00
/deal/14370588,13:00,18:00
/deal/23203831,12:00,21:00
/deal/18236716,12:00,18:00
/deal/19144674,12:00,17:00
/deal/23203866,12:00,21:00
/deal/19176680,18:00,02:00
/deal/23203919,12:00,21:00
/deal/19176834,18:00,02:00
/deal/15225653,12:30,17:00
/deal/19176775,18:00,02:00
/deal/14743529,12:30,18:00
/deal/14743529,18:00,02:00
/deal/27823165,17:00,21:00
/deal/26690322,19:00,00:00
/deal/26690322,00:00,06:00
/deal/26691299,19:00,00:00
/deal/26691299,00:00,06:00
/deal/26692611,19:00,00:00
/deal/26692611,00:00,06:00
/deal/26690903,19:00,00:00
/deal/26690903,00:00,06:00
/deal/26692455,19:00,00:00
/deal/26692455,00:00,06:00
/deal/26591632,13:00,19:00
/deal/26591632,19:00,00:00
/deal/26591632,00:00,06:00
/deal/26691389,19:00,00:00
/deal/26691389,00:00,06:00
/deal/26512302,11:00,18:00
/deal/26512302,18:00,00:00
/deal/27823103,17:00,21:00
/deal/27823204,17:00,21:00
/deal/17556660,11:00,17:00
/deal/17556660,17:00,02:00
/deal/23609113,12:30,18:00
/deal/23424121,12:00,19:00
/deal/23424121,19:00,02:00
/deal/23424121,11:00,19:00
/deal/23127650,19:00,02:00
/deal/23127939,19:00,02:00
/deal/25247834,12:00,19:00
/deal/23128036,19:00,02:00
/deal/23128169,19:00,02:00
/deal/18349306,12:00,02:00
/deal/18349574,12:00,02:00
/deal/27202718,11:00,19:00
/deal/27202718,19:00,23:00
/deal/27202718,23:00,05:00
/deal/27202718,00:00,02:00
/deal/26693641,19:00,00:00
/deal/26693641,00:00,06:00
/deal/26694095,19:00,00:00
/deal/26694095,00:00,06:00
/deal/26693288,19:00,00:00
/deal/26693288,00:00,06:00
/deal/26692858,19:00,00:00
/deal/26692858,00:00,06:00
/deal/26693222,19:00,00:00
/deal/26693222,00:00,06:00
/deal/26693472,19:00,00:00
/deal/26693472,00:00,06:00
/deal/26601913,13:00,19:00
/deal/26601913,19:00,00:00
/deal/26601913,00:00,06:00
/deal/24227153,10:00,19:00
/deal/24227153,19:00,02:00
/deal/24227153,00:00,06:00
/deal/25095598,12:00,19:00
/deal/25095598,19:00,02:00
/deal/26692858,19:00,00:00
/deal/26692858,00:00,06:00
/deal/26693222,19:00,00:00
/deal/26693222,00:00,06:00
/deal/26693641,19:00,00:00
/deal/26693641,00:00,06:00
/deal/26694095,19:00,00:00
/deal/26694095,00:00,06:00
/deal/26693288,19:00,00:00
/deal/26693288,00:00,06:00
/deal/26693472,19:00,00:00
/deal/26693472,00:00,06:00
/deal/26601913,13:00,19:00
/deal/26601913,19:00,00:00
/deal/26601913,00:00,06:00
/deal/14844115,09:00,18:00
/deal/19688910,13:00,23:00
/deal/20957075,12:00,18:00
/deal/20957075,18:00,02:00
/deal/14846863,18:00,23:00
/deal/19700214,13:00,06:00
/deal/25416250,12:00,17:30
/deal/25416276,17:30,01:30
/deal/14837405,12:00,17:00
/deal/25289371,12:00,17:30
/deal/14848183,00:00,06:00
/deal/25289665,17:30,01:30
/deal/19700294,13:00,06:00
/deal/25416424,17:30,01:30
/deal/25416375,17:30,01:30
/deal/27119268,12:00,18:00
/deal/27119306,18:00,02:00
/deal/27119305,18:00,02:00
/deal/27119304,18:00,02:00
/deal/27101491,12:00,18:00
/deal/27119269,12:00,18:00
/deal/14785524,12:30,17:00
/deal/26601840,13:00,19:00
/deal/26601840,19:00,00:00
/deal/26601840,00:00,06:00
/deal/26695725,19:00,00:00
/deal/26695725,00:00,06:00
/deal/26695956,19:00,00:00
/deal/26695956,00:00,06:00
/deal/26695996,19:00,00:00
/deal/26695996,00:00,06:00
/deal/19561562,12:00,18:00
/deal/21359390,18:00,05:00
/deal/15022831,12:00,18:00
/deal/21370948,18:00,04:00
/deal/19563588,12:00,18:00
/deal/14524784,12:00,18:00
/deal/19563702,12:00,18:00
/deal/21359870,18:00,05:00
/deal/21359098,18:00,04:00
/deal/21370972,18:00,04:00
/deal/21360095,18:00,05:00
/deal/14665110,18:00,03:00
/deal/14526496,12:00,18:00
/deal/14525600,12:00,18:00
/deal/15022880,12:00,18:00
/deal/14557838,12:00,18:00
/deal/15022901,12:00,18:00
/deal/26695725,19:00,00:00
/deal/26695725,00:00,06:00
/deal/26695956,19:00,00:00
/deal/26695956,00:00,06:00
/deal/26695996,19:00,00:00
/deal/26695996,00:00,06:00
/deal/26601840,13:00,19:00
/deal/26601840,19:00,00:00
/deal/26601840,00:00,06:00
/deal/26690322,19:00,00:00
/deal/26690322,00:00,06:00
/deal/26691299,19:00,00:00
/deal/26691299,00:00,06:00
/deal/26692611,19:00,00:00
/deal/26692611,00:00,06:00
/deal/26690903,19:00,00:00
/deal/26690903,00:00,06:00
/deal/26692455,19:00,00:00
/deal/26692455,00:00,06:00
/deal/26591632,13:00,19:00
/deal/26591632,19:00,00:00
/deal/26591632,00:00,06:00
/deal/26691389,19:00,00:00
/deal/26691389,00:00,06:00
